<?xml version="1.0" encoding="utf-8"?>
<resources>
    <color name="colorPrimary">#2c3e50</color>
    <color name="colorPrimaryDark">#1B3147</color>
    <color name="colorAccent">#3498db</color>
	<color name="green">#00FF0F</color>
	<color name="purple_200">#FFBB86FC</color>
	<color name="purple_500">#FF6200EE</color>
	<color name="purple_700">#FF3700B3</color>
	<color name="teal_200">#FF03DAC5</color>
	<color name="teal_700">#FF018786</color>
	<color name="black">#FF000000</color>
	<color name="white">#FFFFFFFF</color>
	<color name="input_grey">#F1F1F1</color>
	<color name="grey">#D5D5D5</color>
	<color name="bg_blue_start">#007BFF</color>
	<color name="bg_blue_end">#001AFF</color>
	<color name="dark_grey">#4E4E4E</color>
</resources>
